path,bytes,sha256,extension
ablation_in_proj_lm_head_audit.json,9371,997152633b7c0c0dbab847358421994fa44b76f478d9a57dad93705805364667,.json
ablation_in_proj_only_audit.json,9338,5b32a592289bfc5ce20c5af509226d3a4d3aade90abb75b51149d0095296a386,.json
adapter_svd_soup_smoke.json,1457,c0eb62805aee908609fd88c91b296669d5bc968b74fd4fc7956effc945381e9d,.json
all_moe_repack_v4_audit.json,9602,3a28c9077b62a223bc6c911b39bd3c37c0c08da84a1d45dcf9cb56fd48f5b968,.json
continuation_checkpoint_2026-06-06_1920.md,4717,0e6ef0a5415ed93e25a73f2dd95f50f9078e4fc32ace6e28ea6d6f112edf9c1e,.md
data_summary.json,2149,032e1caf2652175fbadda93e3afa8dac575469aa659a918cf6d6005f4b31f680,.json
data_summary.pretty.json,2150,8f53e88b12948139d37f12880f19ac75ac57e49751df67346da5edbe024e0902,.json
diagnostic_load_mapping_v1.json,6734,e2d7e10001f40797b1eab813fabc9d842dcb00947e33b68d06d48f607e6c4580,.json
dpo_pairs_smoke.jsonl,2460661,f068994bd39b20bc604f75936da17bebfc52a63dfec73591dbf40575154a70df,.jsonl
hammad_vs_kienngx_audit.json,9132,b89a0be5c920791fb4b343b9e68fc3c8d08183126bd5699d2d060dfb47b213a9,.json
handoff_2026-06-03.md,19004,66bfa75bcfbf752bf3de4fc58afd92b6ed8e7a36329da05ae04cb5962a6116e5,.md
hard_tail_smoke.csv,358,d57e13793065a57637a01573484666690b7b66ca38d589fbed95c225faafb5da,.csv
hard_tail_smoke.jsonl,642,5ea788d71e22df04197eadcace9813ec2dff5a7fbd91be9a8a5d9c58d6362458,.jsonl
hard_tail_smoke_decision.json,1453,bb9f5bbb1e5166ff4ed71f76044f706b5356f545da7ab1d31ce2fac7514d81c2,.json
hard_tail_smoke_decision.md,465,a4f715cbbf1f9f08adf2ae813063a60c8fa872da173e630b50bf440e7e1ce1fc,.md
hard_tail_smoke_holdout.jsonl,0,e3b0c44298fc1c149afbf4c8996fb92427ae41e4649b934ca495991b7852b855,.jsonl
hard_tail_smoke_summary.json,955,2720fad8829a19111c4cd9daa3079a6cc0da997b484cde9d800cdd2933035e6a,.json
hard_tail_v5_64_diagnostic.csv,14990,a5f34eef62257556223e91ccbe719b6831095268d7912795f5718fb471052056,.csv
hard_tail_v5_64_diagnostic.jsonl,187533,f2411480af814e454bc1cbb7aea77596e0e0e2997393dd3cb05f45c66b869e48,.jsonl
hard_tail_v5_64_diagnostic_decision.json,2694,63fb3907b0f2f21690d7644ce26847714c0052022fbee50eda0d8571d658bc9c,.json
hard_tail_v5_64_diagnostic_decision.md,439,df934a5b73a13f17ab41c7f6fed18c44550d215347ba69f0ee2e04f5e7c1df6e,.md
hard_tail_v5_64_diagnostic_holdout.jsonl,18551,57374658ad4d91af8b8912e3cfc594927ab61a4cc56589819df4016a3455f87c,.jsonl
hard_tail_v5_64_diagnostic_summary.json,14047,e8b3549a5a67dc582edabce633280322ff070f13c9ad0ab86c49fa9e3bb57791,.json
hard_tail_v5_64_strict.csv,3205,bb5adc423b81318d6415e2233faa41fc1603e3675f498f9d44f10fea64d7b972,.csv
hard_tail_v5_64_strict.jsonl,55512,e6faef73c1419e454caddd62ebaf5c3c7568fa6dfb5419b20b29def16655ddbd,.jsonl
hard_tail_v5_64_strict_decision.json,2051,cbab3af1c3ec3db4292a4cf96335dbd47f8cf9476cce1e29ef835c682a84141b,.json
hard_tail_v5_64_strict_decision.md,404,112786ac8479fd09e4c364521dcd5d8c0bbf51470c70c91f2789ad39bc261985,.md
hard_tail_v5_64_strict_holdout.jsonl,17290,504a6cc7d0404f0eb849d716ef578c4e4253947e6f85a7149ab23fc344d96027,.jsonl
hard_tail_v5_64_strict_summary.json,5277,86e37672ddc34b46ffc3de4fb79da8a4a2b21a0305cce01efffd6281d0a0b41a,.json
hard_tail_v6_64_content.csv,14473,37aa8e535ea54637a65f0708c7fc874a382d4e24b23842c3b801ed5f29ef9bdb,.csv
hard_tail_v6_64_content.jsonl,207968,e2e318bbeb1cc26e35781f8a76a42276a006ac9a70d90c204b37a79923e323cd,.jsonl
hard_tail_v6_64_content_decision.json,2669,7c638584d06663d8e582c0688f28129a44bf250a625427497a66921390cb07ee,.json
hard_tail_v6_64_content_decision.md,404,069f497a3da6b4f7a5b17ceec5d8323d4e158dd20a8cc0ce5877f351ec173557,.md
hard_tail_v6_64_content_holdout.jsonl,21089,87778c59ce8bdfd6c890051889716297791ebba81897215ce55a55460182ba60,.jsonl
hard_tail_v6_64_content_nomultibox.csv,7818,487fd3e6c33106d01f7243ab3ee0fb4e1843a77e01cbac827227d72c6bf20e5d,.csv
hard_tail_v6_64_content_nomultibox.jsonl,63664,d12f6c21c13268a3de3c3ddab3acb8fb0fbbbd4d1ff05a97f14469b5cd84cfd9,.jsonl
hard_tail_v6_64_content_nomultibox_decision.json,2575,67cc0552ab8fb566fe4aeb9525ece51ba6ba4b8eb5a8a9dac7d92b2bd1e03c8c,.json
hard_tail_v6_64_content_nomultibox_decision.md,404,39eb973c513927be79f4268efddd89739684ed7338a54f4139585494790557bf,.md
hard_tail_v6_64_content_nomultibox_holdout.jsonl,15357,31d27d848da4eca06b5850edd7ebccc9022aa1d53637c697c7885885e263207c,.jsonl
hard_tail_v6_64_content_nomultibox_summary.json,13130,4254c1a6060ab8a8be5050f03273cd2d9c065ba1f39c04875b2fbe6d0cc05881,.json
hard_tail_v6_64_content_summary.json,14180,12e3e7a3d560f7549ae9e5154b1431089993cc9e686f2a4fe83a06418e0ec201,.json
hard_tail_v7_384_content.csv,14254,0922949cc401b616ebb9e7ff5d5d0e2ffc7a47bf54cc5ddaa2054a27c6f598b9,.csv
hard_tail_v7_384_content.jsonl,167236,8783754e49ffb08ad46ff04025c4f06816e29f6f19561290f44c4ffd93076425,.jsonl
hard_tail_v7_384_content_decision.json,2675,0db2042fd21e610ecd8bba7e8dbba802abbf6862bf02ec93751e63d74a01fc01,.json
hard_tail_v7_384_content_decision.md,404,7af15c2e5753a65f62231fde2ed65015e1705c8684c2212b6bdd8ec4be6a9dae,.md
hard_tail_v7_384_content_holdout.jsonl,24997,9a897951ad0d77b606160415d57c7d0220a4e93ca80ddc2e3dec46054a03dc74,.jsonl
hard_tail_v7_384_content_summary.json,13670,cdb41e7ee52b311b79393a7a2e019c6d03bb852bd3287235ece3384443aea43b,.json
hard_tail_v7_64_content.csv,13331,eda52774388ac98ba91c1dd6ffb7e502c8057a5a2cbd7ada5f02a97a0a3937fc,.csv
hard_tail_v7_64_content.jsonl,156622,3d5a99c11e70b336849a17fc3d02b0025af7496861c8d44823c5ebc0b616d55e,.jsonl
hard_tail_v7_64_content_decision.json,2659,e9e1cb7ca2adfa9a6ed48cd53ddd60f064dd1a93ad57cbb20cca0a5786acd792,.json
hard_tail_v7_64_content_decision.md,404,739a1103f38da2b583f58d77c05dfb590227c6615bbdf9bc8f454599e46ed0bc,.md
hard_tail_v7_64_content_holdout.jsonl,24997,9a897951ad0d77b606160415d57c7d0220a4e93ca80ddc2e3dec46054a03dc74,.jsonl
hard_tail_v7_64_content_summary.json,13604,7a801968a5e7407299ad439b56e948240421f517751b3b8b497209e07a1c2486,.json
huikang_inproj_vs_kienngx_audit.json,4172,e8e6277a89abecb398502f92139be2cb1408618b5c1193efad3f50ec688032a6,.json
huikang_nemo_valid_dryrun.csv,978,d94909d152a6ea9ef29800be253a6eb93e9a578720d5c2cee048904f4acaeff2,.csv
huikang_nemo_valid_dryrun.jsonl,1901,29e12fe27b01079f6736b3af22979d9b6a2d3d13c3ff57b490620a2f77759b27,.jsonl
huikang_nemo_valid_dryrun_8192.jsonl,1905,1ab0ee2a3f35e7afb5b39b66378f4f651318101bc57dff3f4e0a12afb2318ebd,.jsonl
huikang_nemo_valid_dryrun_8192_summary.json,243,1d073d03d9cf25f6794e2fd5de23e95671f6ca2e7e3fa3ae7c77343f9f2b71c7,.json
huikang_nemo_valid_dryrun_summary.json,243,0ba5719a22d5b2ef1a5cf9e307041edfd7f7df26a73b95589e61aa8e84ce2aae,.json
inproj_lr5e_6_s40_v1_audit.json,9337,f275a2aab01a7c94ce131482336640a17cc8a8f8897b9febb42ef03ac50e1ecf,.json
kienngx_adapter_audit.json,1801,277d07755100a570a1496575ca7b391dc01d324626ce47ab76ec7f575d8ee6b4,.json
kienngx_allmoe_inproj_alpha0p25_audit.json,5228,118dc17e76387c877c7fe7cc5734577bcfd62a097abc9fa5905f72e5ac4cf567,.json
kienngx_self_moe_audit.json,4703,0c7cafb28dba7c87954076c23eb9b3fbc5ba362ae781cf3272242520f00a99e9,.json
kienngx_tiny_inproj_alpha0p5_audit.json,5225,e558001f47fdc770b40c556e39ce6aaf589563ff8fa738a7e0028151209999b0,.json
kienngx_tiny_inproj_alpha1p5_audit.json,5225,b33d4afeda56cd38a555b1811b2c4691beb8699c765ad23c5aa06e4ff9819ce3,.json
leaderboard_2026-06-06_latest/nvidia-nemotron-model-reasoning-challenge.zip,128109,5d7363b061ccc599af36f7ae9590a135dfcf0e9677579cf1ff25135e3bb122bb,.zip
min_loop_remote_2026-06-07.md,2622,8e84d4fc1d62b7c3db745260833fe91becbf0360ff27d9aece30df088d18bc67,.md
min_loop_remote_2026-06-07_parallel_uploads.md,2606,514ab4ec4892b06f7dbf4f7b00877508d9c144e9e755c77c74c6068bb0dbeda1,.md
no_quota_local_work_2026-06-02.md,8907,7ae399b0f6b7a37e493b39246d079737de9ac33bf9636a0b35ab22b5133849d9,.md
oracle_trace_report.json,1498,e7b78a09ae8fcc6e00ecbe095dd724cdfd7c919c5d479af0ee8293ad9fd6232a,.json
prompt_family_samples.json,5817,5c4c263f88c6bf3439fc8a6ffaf43e61340bd494589f41022f258d85486e8c1c,.json
public_audit_2026-06-06/atahalam__tonghuikang-0-87-nemotron-dataset/README.md,2206,79227643a2078f40504ec0fcb399f69c76531aadfce3a6af9266ec7a4918f147,.md
public_audit_2026-06-06/atahalam__tonghuikang-0-87-nemotron-dataset/augmentation.py,1360,1160991fbe9b46a1171f846b22ed6c3e4c367cedab417e6d5386c6de50436e2a,.py
public_audit_2026-06-06/atahalam__tonghuikang-0-87-nemotron-dataset/dataset-metadata.json,342,87740fd73eeede2ad467cdb6142966dbae2b67bd9459ef12575c324c5d9d9cce,.json
public_audit_2026-06-06/foysalemonshanto__end-to-end-finetuning-for-lb-0-90/end-to-end-finetuning-for-lb-0-90.ipynb,113900,0c2043fd8afddfccf2a93c8e9a03cf8895805b6bbdcf92543358f3ba005d0d58,.ipynb
public_audit_2026-06-06/foysalemonshanto__end-to-end-finetuning-for-lb-0-90/output/README.md,5322,43231857511610a44a317f06c8da62cc37eae641913fb72e6f33a755140e4101,.md
public_audit_2026-06-06/foysalemonshanto__nemotron-cot-tong-submission/adapter_config.json,580,68e8580b62a245fea25402c157af4e6c18e66eba6c8b5ba7bcf885c400569802,.json
public_audit_2026-06-06/foysalemonshanto__nemotron-cot-tong-submission/dataset-metadata.json,401,bcdab7c63c74a7201eccb4310e2536b415e4190201890d8117460abe8c334a08,.json
public_audit_2026-06-06/kuangyicheng__nemotron-087-training/nemotron-087-training.ipynb,13929,95fd58c72d3d462fab96715e9901066c3c73aa7e9bd06fa182d57d2a371de3d1,.ipynb
public_audit_2026-06-06/leaderboard/nvidia-nemotron-model-reasoning-challenge.zip,127659,a36a981ad79e91bac13576e5f9139752af675a5076d63cecd6415d4e8b96a65a,.zip
public_audit_2026-06-06/llkh0a__nemotron-unsloth-sft-training-3-30-2/nemotron-unsloth-sft-training-3-30-2.ipynb,187432,586e7d2230aca4e34f14568892156cdd1eeb5397eb6342e2d06d47113cebda7e,.ipynb
public_audit_2026-06-06/llkh0a__nemotron-unsloth-sft-training-3-30-2/output/formatted_train_dataset.csv,15417045,3716c77b7b3276b3bd9a4e0554bf4d481c44d2b7a673a9459ba39cf85736defb,.csv
public_audit_2026-06-06/llkh0a__nemotron-unsloth-sft-training-3-30-2/output/nemotron-unsloth-sft-training-3-30-2.log,196766,bcb3a87f3348b78484d2f5aafef534ff874b9730a07d2dd01f96eedbbafe0c81,.log
public_audit_2026-06-06/llkh0a__nemotron-unsloth-sft-training-3-30-2/output/train_sample.csv,1601578,28545cd4e8adbe7b33327a112f237e0351c9222bab4796faa3b6835b40baddb2,.csv
public_audit_2026-06-06/llkh0a__nemotron-unsloth-sft-training-3-30-2/output_config/nemotron-unsloth-sft-training-3-30-2.log,196766,bcb3a87f3348b78484d2f5aafef534ff874b9730a07d2dd01f96eedbbafe0c81,.log
public_audit_2026-06-06/llkh0a__nemotron-unsloth-sft-training-3-30-2/output_small/formatted_train_dataset.csv,15417045,3716c77b7b3276b3bd9a4e0554bf4d481c44d2b7a673a9459ba39cf85736defb,.csv
public_audit_2026-06-06/llkh0a__nemotron-unsloth-sft-training-3-30-2/output_small/nemotron-unsloth-sft-training-3-30-2.log,196766,bcb3a87f3348b78484d2f5aafef534ff874b9730a07d2dd01f96eedbbafe0c81,.log
public_audit_2026-06-06/llkh0a__nemotron-unsloth-sft-training-3-30-2/output_small/train_sample.csv,1601578,28545cd4e8adbe7b33327a112f237e0351c9222bab4796faa3b6835b40baddb2,.csv
public_audit_2026-06-06/penguin069__nemotron-dapo-05-06/README.md,5533,387345e30697f75c26cfd3cde5871b8dddfd09c3317f75c45664308a376bcf8c,.md
public_audit_2026-06-06/penguin069__nemotron-dapo-05-06/adapter_config.json,1281,76a9dd871675b97c53f57ee181d4fb83353e1d4809bd24a255bcf13c3a9427c4,.json
public_audit_2026-06-06/penguin069__nemotron-dapo-05-06/dataset-metadata.json,308,fc75b53312e0980a95812cccb2ef499995268bde8e4d690353e83dfdbe254c36,.json
public_audit_2026-06-06/penguin069__nemotron-dapo-05-06/training_args.bin,7185,7fe5ae1e986dd105a3d3b7cffb67ba608a0a1b9bb809283e297d05d679081a3c,.bin
public_audit_2026-06-06/profmansoor__nemotron-v34-path/README.md,5312,557c7c681ac4856a65c8c1a1817925e32927b850ad148e6949cb31776717ff4b,.md
public_audit_2026-06-06/profmansoor__nemotron-v34-path/V34_STATUS.json,286,128977cc843cd475b08e86bf5639cf38ea3e1b319d7f220f74786068249d1b1c,.json
public_audit_2026-06-06/profmansoor__nemotron-v34-path/V34_TRAINING_STATUS.txt,490,26fed2a126891d2d54e5a646587aba08c0b4303434a50b7a4d30e0709a7e2b7a,.txt
public_audit_2026-06-06/profmansoor__nemotron-v34-path/adapter_config.json,1110,53a29910c8b297e1f619e589c89835ad6a45ded116736144c48601fd4abf4387,.json
public_audit_2026-06-06/profmansoor__nemotron-v34-path/dataset-metadata.json,312,0eeabb3d7831183decac1a1d797c475d387cb162f705aab1a6c0ccea1820960f,.json
public_audit_2026-06-06/profmansoor__nemotron-v34-path/trainer_state.json,8726,9ce5a51505e7bf5931ec22629825533d2c6bd3e3d833a6a36fc925be61bfd540,.json
public_audit_2026-06-06/wethepeople918__sigilagi-nemotron-rank32-adapter/dataset-metadata.json,343,26fa45b59dc08b79aec28a60bbda26d8bae71ececdf037b2cddbeca8a08ffb22,.json
public_audit_2026-06-06/wethepeople918__sigilagi-nemotron-rank32-adapter/download/adapter_config.json,41541,f28be32040d4d545b76fd6a02f90031805103eed13dae4f0579fb163fb69cd02,.json
public_audit_2026-06-06.md,14762,75d0045c3562538a5d069c58b6c5dea7d9a2d27d1e3439abd5ff3b007af1f7bb,.md
public_notebook_index.csv,36132,c5b9e9092c6d16d9224ad4e1ab91552e5c0db63b7396cc1474b4cd1e9030cc4f,.csv
public_notebook_index.json,289121,51b6cc44f274a4c53297a9e235bc2a5133013e6cda8deee268126079f2dd6f9e,.json
remote_trace_logprob_audit_v2_smoke/run_config.json,555,6cf6832b5afff7d8978a910436182f8c98d35070faa890a3e9713dce3c7c80c0,.json
remote_trace_logprob_audit_v2_smoke/trace_logprob_audit.jsonl,602,5e457198180d1ef2cd4a522a2ca5c2e3f4e4aad4c09b2c1025a85dd71fcdd5bf,.jsonl
remote_trace_logprob_audit_v2_smoke/trace_logprob_audit_summary.json,727,4cfae233869600eab06dfdbfc79d21d670b212ad12f81af11504327eb2d37bff,.json
remote_trace_logprob_audit_v2_smoke/worst_token_aggregate.json,519,690b08b05550192bc5829a116fbb50eb1845445b32325ce8a9087989be7d5b4e,.json
remote_trace_logprob_audit_v5_slim64/discovery_report.json,1903,64ed5f4dd4311646b2c6a5dc1ed705be3e52d1d23c8b9d30f4eebdc05073daa2,.json
remote_trace_logprob_audit_v5_slim64/local_manifest_first_gpu_audit.csv,13749,d0ea6fc04e0cc19420ca4421dbf0c01980f5db7ebc2571a3480ada6a7154a05d,.csv
remote_trace_logprob_audit_v5_slim64/local_manifest_first_gpu_audit.jsonl,40868,87ff545b66e2d18cb9477f45971df4850601506be1cda13a4d026f6ea66199db,.jsonl
remote_trace_logprob_audit_v5_slim64/local_manifest_first_gpu_audit.summary.json,7325,7238c1fe6905e297a532388fd61280deeb6702db5d8ff86c9af31580af178502,.json
remote_trace_logprob_audit_v5_slim64/manifest.json,445,29c9774d36df94b603e7c311b427588eabf32e7f316c1845a1116e83357aedcb,.json
remote_trace_logprob_audit_v5_slim64/nemotron-trace-logprob-audit.log,3570088,f075a5a2096274877cf252e03c45fc30162c464207b5f3ca2944a3f984e51be0,.log
remote_trace_logprob_audit_v5_slim64/run_config.json,576,105e2327ce3484718ac04b919cda0b1882327b6f5e81bc7ce84cc7f149bb64e4,.json
remote_trace_logprob_audit_v5_slim64/trace_logprob_audit.csv,13749,d0ea6fc04e0cc19420ca4421dbf0c01980f5db7ebc2571a3480ada6a7154a05d,.csv
remote_trace_logprob_audit_v5_slim64/trace_logprob_audit.jsonl,40868,87ff545b66e2d18cb9477f45971df4850601506be1cda13a4d026f6ea66199db,.jsonl
remote_trace_logprob_audit_v5_slim64/trace_logprob_audit_summary.json,7325,7238c1fe6905e297a532388fd61280deeb6702db5d8ff86c9af31580af178502,.json
remote_trace_logprob_audit_v5_slim64/trace_manifest_first_gpu_audit.jsonl,173868,9da1b2e92a2436a4105528ab1bc799161d8768d57e98671fa4ca9a4baa4900c1,.jsonl
remote_trace_logprob_audit_v5_slim64/worst_token_aggregate.csv,3507,bcce2a957324e3ab4a71bb8c6a9a7429c5a451ace22adeef2beab97e4c8f17e4,.csv
remote_trace_logprob_audit_v5_slim64/worst_token_aggregate.json,8689,9234737577682e5a7c9e68e418e2661be85db763e147bc872a4631eb7e09ca8c,.json
remote_trace_logprob_audit_v6_content64/discovery_report.json,1903,64ed5f4dd4311646b2c6a5dc1ed705be3e52d1d23c8b9d30f4eebdc05073daa2,.json
remote_trace_logprob_audit_v6_content64/local_manifest_first_gpu_audit.csv,26601,090f23aca43087893259564d701c583a8c2c51167e04ba1b847d71316adbbba4,.csv
remote_trace_logprob_audit_v6_content64/local_manifest_first_gpu_audit.jsonl,63851,d54f185a46cb71c28dec5d892a4331d0cc32b5456dc5e130b655908014002905,.jsonl
remote_trace_logprob_audit_v6_content64/local_manifest_first_gpu_audit.summary.json,23198,2adcd65c268f68c926a4734cde692a5907a2319f79d71968490c12f8104a2881,.json
remote_trace_logprob_audit_v6_content64/manifest.json,445,29c9774d36df94b603e7c311b427588eabf32e7f316c1845a1116e83357aedcb,.json
remote_trace_logprob_audit_v6_content64/nemotron-trace-logprob-audit.log,3520320,546cb1b517969ed4d5528a41a44b12dea0d47621142f3303b9226796459ffdc8,.log
remote_trace_logprob_audit_v6_content64/run_config.json,605,c9ba5f2ceffdac2d6eff080942e863fa52dad586514eb9224982c46ae66c1b8d,.json
remote_trace_logprob_audit_v6_content64/trace_logprob_audit.csv,26601,090f23aca43087893259564d701c583a8c2c51167e04ba1b847d71316adbbba4,.csv
remote_trace_logprob_audit_v6_content64/trace_logprob_audit.jsonl,63851,d54f185a46cb71c28dec5d892a4331d0cc32b5456dc5e130b655908014002905,.jsonl
remote_trace_logprob_audit_v6_content64/trace_logprob_audit_summary.json,23198,2adcd65c268f68c926a4734cde692a5907a2319f79d71968490c12f8104a2881,.json
remote_trace_logprob_audit_v6_content64/trace_manifest_first_gpu_audit.jsonl,173868,9da1b2e92a2436a4105528ab1bc799161d8768d57e98671fa4ca9a4baa4900c1,.jsonl
remote_trace_logprob_audit_v6_content64/worst_token_aggregate.csv,3507,bcce2a957324e3ab4a71bb8c6a9a7429c5a451ace22adeef2beab97e4c8f17e4,.csv
remote_trace_logprob_audit_v6_content64/worst_token_aggregate.json,8689,9234737577682e5a7c9e68e418e2661be85db763e147bc872a4631eb7e09ca8c,.json
remote_trace_logprob_audit_v7_content384/discovery_report.json,1903,64ed5f4dd4311646b2c6a5dc1ed705be3e52d1d23c8b9d30f4eebdc05073daa2,.json
remote_trace_logprob_audit_v7_content384/local_manifest_first_gpu_audit.csv,26422,c18b195eee3306da7927bf2da23b60f1d90c8323d144d2a930894c88fad755d7,.csv
remote_trace_logprob_audit_v7_content384/local_manifest_first_gpu_audit.jsonl,63634,2d8e381eef0efe817172de2eb71837afc7f293ab0800c3b0afc9be3d42e20fd6,.jsonl
remote_trace_logprob_audit_v7_content384/local_manifest_first_gpu_audit.summary.json,23085,64f8229863ba86b52a036bbaf129960ccf446d9823be4d5d924f371afac8c818,.json
remote_trace_logprob_audit_v7_content384/manifest.json,445,29c9774d36df94b603e7c311b427588eabf32e7f316c1845a1116e83357aedcb,.json
remote_trace_logprob_audit_v7_content384/nemotron-trace-logprob-audit.log,3501088,47c0bc0c3c225c3d41c89721e654e6562ef4697bceafc1f5136b4673b695cca0,.log
remote_trace_logprob_audit_v7_content384/run_config.json,605,c9ba5f2ceffdac2d6eff080942e863fa52dad586514eb9224982c46ae66c1b8d,.json
remote_trace_logprob_audit_v7_content384/trace_logprob_audit.csv,26422,c18b195eee3306da7927bf2da23b60f1d90c8323d144d2a930894c88fad755d7,.csv
remote_trace_logprob_audit_v7_content384/trace_logprob_audit.jsonl,63634,2d8e381eef0efe817172de2eb71837afc7f293ab0800c3b0afc9be3d42e20fd6,.jsonl
remote_trace_logprob_audit_v7_content384/trace_logprob_audit_summary.json,23085,64f8229863ba86b52a036bbaf129960ccf446d9823be4d5d924f371afac8c818,.json
remote_trace_logprob_audit_v7_content384/trace_manifest_first_gpu_audit.jsonl,1188891,8137fc9ab8e13e443bcddbf3e9cbad39b0e1e96c0a66a6f9b04c44bc0e6aaa53,.jsonl
remote_trace_logprob_audit_v7_content384/worst_token_aggregate.csv,3293,f297de790ae47a05b85768c8f7893d6d85ca08e7076f7d58b463973411515dfa,.csv
remote_trace_logprob_audit_v7_content384/worst_token_aggregate.json,8252,17320f6a4db468433af5b8279b74b858e9bec41a5c3aeb3127a10d6cf077dafe,.json
remote_trace_logprob_audit_v7_content64_from384_manifest/discovery_report.json,1903,64ed5f4dd4311646b2c6a5dc1ed705be3e52d1d23c8b9d30f4eebdc05073daa2,.json
remote_trace_logprob_audit_v7_content64_from384_manifest/local_manifest_first_gpu_audit.csv,26422,c18b195eee3306da7927bf2da23b60f1d90c8323d144d2a930894c88fad755d7,.csv
remote_trace_logprob_audit_v7_content64_from384_manifest/local_manifest_first_gpu_audit.jsonl,63634,2d8e381eef0efe817172de2eb71837afc7f293ab0800c3b0afc9be3d42e20fd6,.jsonl
remote_trace_logprob_audit_v7_content64_from384_manifest/local_manifest_first_gpu_audit.summary.json,23085,64f8229863ba86b52a036bbaf129960ccf446d9823be4d5d924f371afac8c818,.json
remote_trace_logprob_audit_v7_content64_from384_manifest/manifest.json,445,29c9774d36df94b603e7c311b427588eabf32e7f316c1845a1116e83357aedcb,.json
remote_trace_logprob_audit_v7_content64_from384_manifest/nemotron-trace-logprob-audit.log,3501088,47c0bc0c3c225c3d41c89721e654e6562ef4697bceafc1f5136b4673b695cca0,.log
remote_trace_logprob_audit_v7_content64_from384_manifest/run_config.json,605,c9ba5f2ceffdac2d6eff080942e863fa52dad586514eb9224982c46ae66c1b8d,.json
remote_trace_logprob_audit_v7_content64_from384_manifest/trace_logprob_audit.csv,26422,c18b195eee3306da7927bf2da23b60f1d90c8323d144d2a930894c88fad755d7,.csv
remote_trace_logprob_audit_v7_content64_from384_manifest/trace_logprob_audit.jsonl,63634,2d8e381eef0efe817172de2eb71837afc7f293ab0800c3b0afc9be3d42e20fd6,.jsonl
remote_trace_logprob_audit_v7_content64_from384_manifest/trace_logprob_audit_summary.json,23085,64f8229863ba86b52a036bbaf129960ccf446d9823be4d5d924f371afac8c818,.json
remote_trace_logprob_audit_v7_content64_from384_manifest/trace_manifest_first_gpu_audit.jsonl,1188891,8137fc9ab8e13e443bcddbf3e9cbad39b0e1e96c0a66a6f9b04c44bc0e6aaa53,.jsonl
remote_trace_logprob_audit_v7_content64_from384_manifest/worst_token_aggregate.csv,3293,f297de790ae47a05b85768c8f7893d6d85ca08e7076f7d58b463973411515dfa,.csv
remote_trace_logprob_audit_v7_content64_from384_manifest/worst_token_aggregate.json,8252,17320f6a4db468433af5b8279b74b858e9bec41a5c3aeb3127a10d6cf077dafe,.json
research_summary.md,37230,e40ee27958a0f74c298a35936a14422a8e39d8a4cc102348088b4b7595e9d6bc,.md
reward_calibration_smoke.json,5578,4e94ad42620f64fc6935323f41dc7e171fb033d80528eeba6cb363d18a67041e,.json
solver_baseline.md,1055,50caed8c98c59e9042fd32264d2719adb45bbfdc682c24840f63b300310aef70,.md
solver_eval.json,1844494,784cdc570a3f4b19edf29a5b7c6410521e172888d122ae844dfd09cd34ed942e,.json
svd_soup_kienngx_hammad_inproj_dryrun.json,11623,ac3d3d0aef17d131f23aa532aad9248fc2fb11867012da7e6c5b8a8ac1893cb8,.json
svd_soup_kienngx_hammad_inproj_lmhead_dryrun.json,12037,5f1ae07fa0352904bb03dc1771d8708193477f5277f5f72ae28ec21431dd546c,.json
svd_soup_kienngx_huikang_inproj_dryrun.json,10868,d0241d533af93c2b4c587205b109d290b7044fa2964e985f995a30e2b15ce561,.json
trace_logprob_audit_plan_2026-06-06.md,3419,ad6251b5df2e12acbee67b6d6bb35f838c4bbef5bf2abfbc5829503ad0d651e4,.md
trace_manifest_first_gpu_audit.jsonl,4019177,2010babf264537884c5470948cef6b56ba0fd565b20e61c1484e9ffb9a0c3a80,.jsonl
trace_manifest_first_gpu_audit_check.jsonl,4019177,2010babf264537884c5470948cef6b56ba0fd565b20e61c1484e9ffb9a0c3a80,.jsonl
trace_manifest_first_gpu_audit_check_summary.json,5846,fffa0f2875a708178ac9332045bcf09825628bb261d9082c26d5063d4797ed3b,.json
trace_manifest_first_gpu_audit_summary.json,5874,d179ff848d04c1b2e2bd17dcce98581536186ceb2980045c5a0d3ef426fda8a7,.json
verifier_reward_kishan_bit_smoke.jsonl,4124170,14caa6d1c74ae00bf806c522388f37fce1341ac4036184cd167ec7dbb68ece24,.jsonl
verifier_reward_smoke.jsonl,851163,4ed09e2bdb817b6720cdca91691c5ed837672c50ed1a9a27a209af16d021445b,.jsonl
vision_big_research_2026-06-06.md,26820,f442b0c43dc52e47ea2687d929950985919f5d0ad19fdfb88529e5b6ea7ecd78,.md
